{
  "learning_rate": 0.05246764509693072,
  "max_depth": 3,
  "max_leaf_nodes": 63,
  "min_samples_leaf": 34,
  "l2_regularization": 0.43278321357859056
}